sku,nome,qtd,qtd_min,preco,rua,prateleira,gaveta,foto
001,DOBRADIÇAS RETAS SEM AMORTECEDOR SEM CLIC,2,10,6.0,A,A,A,001
002,DOBRADIÇAS RETAS COM AMORTECEDOR COM CLIC,0,10,6.0,A,A,C,002
003,DOBRADIÇAS CURVAS SEM AMORTECEDOR SEM CLIC,00,10,7,A,B,A,003
004,DOBRADIÇAS CURVAS COM AMORTECEDOR COM CLIC,25,10,7.0,A,B,B,004
005,DOBRADIÇAS SUPER ALTA RETA SEM AMORTECEDOR,6,10,8,A,C,A,005
006,DOBRADIÇAS SUPER ALTA RETA COM AMORTECEDOR,0,10,8,A,C,B,006
007,DOBRADIÇAS 165º RETA COM AMORTECEDOR CLIC,0,10,9,A,D,A,007
008,DOBRADIÇAS 165º RETA COM AMORTECEDOR COM CLIC,0,10,9,A,D,B,008
009,DOBRADIÇAS 165º CURVA SEM AMORTECEDOR SEM CLIC,0,10,10,B,A,A,009
010,DOBRADIÇAS 165º CURVA COM AMORTECEDOR COM CLIC,0,10,10,B,A,B,010
011,DOBRADIÇAS DE SOBREPOR SEM AMORTECEDOR SEM CLIC,0,10,11,B,B,A,011
012,DOBRADIÇAS DE SOBREPOR COM AMORTECEDOR COM CLIC,0,10,11,B,B,B,012
013,DOBRADIÇAS DE CANTO SEM AMORTECEDOR SEM CLIC,0,10,12,B,C,A,013
014,DOBRADIÇAS DE CANTO COM AMORTECEDOR COM CLIC,0,10,12,B,C,B,014
015,DOBRADIÇAS ARTICULADAS SEM AMORTECEDOR SEM CLIC,0,10,13,B,D,A,015
016,DOBRADIÇAS ARTICULADAS COM AMORTECEDOR COM CLIC,0,10,13,B,D,B,016
017,DOBRADIÇAS DE PRESSÃO SEM AMORTECEDOR SEM CLIC,0,10,14,C,A,A,017
018,DOBRADIÇAS DE PRESSÃO COM AMORTECEDOR COM CLIC,0,10,14,C,A,B,018
019,DOBRADIÇAS DE MOLA SEM AMORTECEDOR SEM CLIC,0,10,15,C,B,A,019
020,DOBRADIÇAS DE MOLA COM AMORTECEDOR COM CLIC,0,10,15,C,B,B,020
021,DOBRADIÇAS DE CANTO INVISÍVEL SEM AMORTECEDOR SEM CLIC,0,10,16,C,C,A,021
022,DOBRADIÇAS DE CANTO INVISÍVEL COM AMORTECEDOR COM CLIC,0,10,16,C,C,B,022
023,DOBRADIÇAS DE SOBREPOR INVISÍVEL SEM AMORTECEDOR SEM CLIC,0,10,17,C,D,A,023
024,DOBRADIÇAS DE SOBREPOR INVISÍVEL COM AMORTECEDOR COM CLIC,0,10,17,C,D,B,024
025,DOBRADIÇAS DE PRESSÃO INVISÍVEL SEM AMORTECEDOR SEM CLIC,0,10,18,D,A,A,025
026,DOBRADIÇAS DE PRESSÃO INVISÍVEL COM AMORTECEDOR COM CLIC,0,10,18,D,A,B,026
027,DOBRADIÇAS DE MOLA INVISÍVEL SEM AMORTECEDOR SEM CLIC,0,10,19,D,B,A,027
028,DOBRADIÇAS DE MOLA INVISÍVEL COM AMORTECEDOR COM CLIC,0,10,19,D,B,B,028
029,CORREDIÇAS TELESCÓPICAS 250MM,10,10,45.0,D,C,A,029
030,CORREDIÇAS TELESCÓPICAS 350MM,0,10,20,D,C,B,030
031,CORREDIÇAS TELESCÓPICAS 450MM,0,10,21,D,D,A,031
032,CORREDIÇAS TELESCÓPICAS 550MM,2,1,21.0,D,D,B,032
033,CORREDIÇAS DE ESFERAS 250MM,0,10,22,E,A,A,033
034,CORREDIÇAS DE ESFERAS 350MM,0,10,22,E,A,B,034
035,CORREDIÇAS DE ESFERAS 450MM,0,10,23,E,B,A,035
036,CORREDIÇAS DE ESFERAS 550MM,0,10,23,E,B,B,036
037,CORREDIÇAS OCULTAS FGVTN 250MM,0,10,24,E,C,A,037
038,CORREDIÇAS OCULTAS FGVTN 350MM,2,1,56.9,E,C,B,038
039,CORREDIÇAS OCULTAS FGVTN 450MM,0,25,E,D,A,039,
040,CORREDIÇAS OCULTAS FGVTN 500MM,9,1,78.0,E,D,B,040
041,CORREDIÇAS OCULTAS FGVTN 550MM,0,10,25,E,D,C,041
042,CORREDIÇAS OCULTAS FGVTN 600MM,0,10,26,E,D,D,042
043,ARTICULADORA DE PORTA HAFELE MOD ,0,20,25,F,A,A,043
044,ARTICULADORA DE PORTA HAFELE MOD ,0,20,25,F,A,B,044
045,ARTICULADORA DE PORTA HAFELE MOD ,0,20,25,F,A,C,045
046,ARTICULADORA DE PORTA FGVTN MOD ,0,20,25,F,B,A,046
047,ARTICULADORA DE PORTA FGVTN MOD ,0,20,25,F,B,B,047
048,ARTICULADORA DE PORTA FGVTN MOD ,0,20,25,F,B,C,048
049,ARTICULADORA DE PORTA FGVTN MOD ,0,20,25,F,C,A,049
050,ARTICULADORA DE PORTA FGVTN MOD ,0,20,25,F,C,B,050
051,PULSADOR MAGNETICO SIMPLES BRANCO FGVTN,0,50,5,F,D,A,051
052,PULSADOR MAGNETICO SIMPLES CINZA FGVTN,0,50,5,F,D,B,052
053,PULSADOR MAGNETICO SIMPLES BRANCO EMBUTIR FGVTN,0,50,5,F,D,C,053
054,PULSADOR MAGNETICO SIMPLES CINZA EMBUTIR FGVTN,0,50,5,F,D,D,054
058,PERFIL DE ALUMINIO M0215 LEO BRONZE,0,5M,80,100,20,F,055
059,PERFIL DE ALUMINIO M0215 LEO BRANCO ANODIZADO,0,5M,60,100,22,F,059
060,PERFIL DE ALUMINIO M0215 LEO PRETO FOSCO,0,5M,50,100,25,F,060
061,PERFIL DE ALUMINIO M0215 LEO CROMADO,0,5M,40,100,30,F,061
062,PERFIL DE ALUMINIO M0215 LEO DOURADO,0,5M,30,100,35,F,062
063,PERFIL DE ALUMINIO M0215 LEO ANODIZADO COLORIDO,0,5M,20,100,40,F,063
055,PERFIL M0218 CINZA ANODIZADO BARRA 3MT,0,1,85.0,D,D,A,055
056,FITA DE BORDA BCO TX 22MM ORIX,105,20,2.14,D,D,D,056
057,FITA DE BORDA FREIJO PURO 22MM,100,20,2.50,D,D,C,057
058,FITA DE BORDA CINZA SAGRADO ESSENCIAL 22MM,0,20,3.75,D,D,B,058
059,FITA DE BORDA BCO TX 60MM ORIX,0,20,5.00,D,D,A,059
060,FITA DE BORDA BCO TX 22MM LUXOR,0,20,2.50,D,C,A,060
061,FITA DE BORDA BCO TX 28MM LUXOR,0,20,2.80,D,C,B,061
062,FITA DE BORDA BCO TX 45MM LUXOR,0,20,4.00,D,C,C,062
063,FITA DE BORDA BCO TX 60MM LUXOR,0,20,5.50,D,C,D,063
064,FITA DE BORDA MADEIRA TX 22MM ORIX,0,20,3.00,D,B,A,064
065,FITA DE BORDA MADEIRA TX 28MM ORIX,0,20,3.20,D,B,B,065
066,FITA DE BORDA MADEIRA TX 45MM ORIX,0,20,4.50,D,B,C,066
067,FITA DE BORDA MADEIRA TX 60MM ORIX,0,20,6.00,D,B,D,067
068,FITA DE BORDA MADEIRA TX 22MM LUXOR,0,20,3.20,D,A,A,068
069,FITA DE BORDA MADEIRA TX 28MM LUXOR,0,20,3.50,D,A,B,069
070,FITA DE BORDA MADEIRA TX 45MM LUXOR,0,20,4.80,D,A,C,070
071,FITA DE BORDA MADEIRA TX 60MM LUXOR,0,20,6.50,D,A,D,071
072,PARAFUSO 3.5X16 C/100 UNIDADES,1000,50,4.00,E,A,a,072
073,PARAFUSO 3.5X25 C/100 UNIDADES,0,50,5.00,E,A,A,073
074,PARAFUSO 3.5X30 C/100 UNIDADES,0,50,6.00,E,A,A,074
075,PARAFUSO 3.5X40 C/100 UNIDADES,0,50,7.00,E,A,A,075
076,PARAFUSO 3.5X45 C/100 UNIDADES,0,50,8.00,E,A,A,076
077,PARAFUSO 4X16 C/100 UNIDADES,0,50,9.00,E,A,A,077
078,PARAFUSO 4X25 C/100 UNIDADES,0,50,10.00,E,A,A,078
079,PARAFUSO 4X30 C/100 UNIDADES,0,50,11.00,E,A,A,079
080,PARAFUSO 4X40 C/100 UNIDADES,0,50,12.00,E,A,A,080
083,PARAFUSO 5X25 C/100 UNIDADES,0,50,15.00,E,A,A,081
084,PARAFUSO 5X30 C/100 UNIDADES,0,50,16.00,E,A,A,084
085,PARAFUSO 5X40 C/100 UNIDADES,0,50,17.00,E,A,A,085
086,PARAFUSO 5X45 C/100 UNIDADES,0,50,18.00,E,A,A,086
088,BUCHA 6MM FISCHER C/100 UNIDADES,0,50,4.00,E,B,A,087
089,BUCHA 8MM TRADICIONAL/100 UNIDADES,0,50,5.00,E,B,A,088
090,BUCHA 8MM FISCHERC/100 UNIDADES,30,50,0.15,E,B,A,089
091,BUCHA 10MM TRADICIONAL C/100 UNIDADES,0,50,7.00,E,B,A,090
092,BUCHA 10MM FISCHERC/100 UNIDADES,0,50,8.00,E,B,A,091
093,CANTONEIRA COM CAPA BRANCO 3 FUROS ZINCADA C/20 UNIDADES,0,50,12.00,E,C,A,092
094,CANTONEIRA COM CAPA MARROM 3 FUROS ZINCADA C/20 UNIDADES,0,50,14.00,E,C,A,093
095,CANTONEIRA COM CAPA PRETA 5 FUROS ZINCADA C/20 UNIDADES,0,50,16.00,E,C,A,094
096,CANTONEIRA COM CAPA BRANCO 5 FUROS ZINCADA C/20 UNIDADES,0,50,18.00,E,C,A,095
097,CANTONEIRA COM CAPA MARROM 5 FUROS ZINCADA C/20 UNIDADES,0,50,20.00,E,C,A,096
098,PERFIL M0218 PRETO FOSCO COM TAMPA,1,5,78.0,E,C,A,098
099,PERFIL M0215 PRETO FOSCO COM TAMPA,2,5,80.0,E,C,A,099
100,PERFIL M0218 BRANCO COM TAMPA,0,5,90.0,E,C,A,100
101,PERFIL M0215 BRANCO COM TAMPA,0,5,95.0,E,C,A,101
102,PERFIL M0218 CROMADO COM TAMPA,0,5,100.0,E,C,A,102
103,PERFIL M0215 INOX COM TAMPA,0,5,110.0,E,C,A,103
104,PERFIL M0218 DOURADO COM TAMPA,0,5,120.0,E,C,A,104
105,PERFIL M0215 DOURADO COM TAMPA,0,5,130.0,E,C,A,105
106,PERFIL M0218 OURO COLORIDO COM TAMPA,0,5,140.0,E,C,A,106
107,PERFIL M0215 OURO COLORIDO COM TAMPA,0,5,150.0,E,C,A,107
108,ACABAMENTOS PEFIL M0218 CINZA ANODIZADO,0,50,20.00,E,A,A,108
109,ACABAMENTOS PEFIL M0218 PRETO ANODIZADO,0,50,22.00,E,A,A,109
110,ACABAMENTOS PEFIL M0218 BRANCO FOSCO,0,50,25.00,E,A,A,110
111,MDF BRANCO TX 06MM 2.75X1.83M,3,1,191.9,E,D,A,111
112,MDF BRANCO TX 15MM 2.75X1.83M,9,5,225.9,E,D,A,112
113,MDF BRANCO TX 18MM 2.75X1.83M,1,1,288.9,E,D,A,113
114,MDF BRANCO TX 25MM 2.75X1.83M,1,0,504.9,E,D,A,114
115,MDF FREIJO PURO 06MM 2.75X1.83M,12,5,170.00,E,D,A,115
116,MDF FREIJO PURO 15MM 2.75X1.83M,7,5,200.00,E,D,A,116
117,MDF FREIJO PURO 18MM 2.75X1.83M,0,5,270.00,E,D,A,117
118,MDF FREIJO PURO 25MM 2.75X1.83M,5,5,180.00,E,D,A,118
119,MDF CINZA SAGRADO TREND 06MM 2.75X1.83M,15,5,160.00,E,D,A,119
120,MDF CINZA SAGRADO TREND 15MM 2.75X1.83M,10,5,190.00,E,D,A,120
121,MDF CINZA SAGRADO TREND 18MM 2.75X1.83M,0,5,260.00,E,D,A,121
122,MDF CINZA SAGRADO TREND 25MM 2.75X1.83M,6,5,170.00,E,D,A,122
123,MDF COBALTO TX 06MM 2.75X1.83M,8,5,180.00,E,D,A,123
124,MDF COBALTO TX 15MM 2.75X1.83M,4,5,210.00,E,D,A,124
125,MDF COBALTO TX 18MM 2.75X1.83M,0,5,280.00,E,D,A,125
126,MDF COBALTO TX 25MM 2.75X1.83M,3,5,190.00,E,D,A,126
127,MDF CUMARU WOOD 06MM 2.75X1.83M,10,5,190.00,E,D,A,127
128,MDF CUMARU WOOD 15MM 2.75X1.83M,0,5,461.0,E,D,A,128
129,MDF CUMARU WOOD 18MM 2.75X1.83M,0,5,554.0,E,D,A,129
130,MDF CUMARU WOOD 25MM 2.75X1.83M,4,5,200.00,E,D,A,130
131,MDF NOGAL SEVILHA 06MM 2.75X1.83M,12,5,200.00,E,D,A,131
132,MDF NOGAL SEVILHA 15MM 2.75X1.83M,6,5,230.00,E,D,A,132
133,MDF NOGAL SEVILHA 18MM 2.75X1.83M,0,5,300.00,E,D,A,133
134,MDF NOGAL SEVILHA 25MM 2.75X1.83M,5,5,210.00,E,D,A,134
135,MDF CARVALHO TREVISO 06MM 2.75X1.83M,14,5,210.00,E,D,A,135
136,MDF CARVALHO TREVISO 15MM 2.75X1.83M,7,5,240.00,E,D,A,136
137,MDF CARVALHO TREVISO 18MM 2.75X1.83M,0,5,310.00,E,D,A,137
138,MDF CARVALHO TREVISO 25MM 2.75X1.83M,6,5,220.00,E,D,A,138
139,MDF TITANIO ESSENCIAL 06MM 2.75X1.83M,9,5,220.00,E,D,A,139
140,MDF TITANIO ESSENCIAL 15MM 2.75X1.83M,4,5,250.00,E,D,A,140
141,MDF TITANIO ESSENCIAL 18MM 2.75X1.83M,0,5,320.00,E,D,A,141
142,MDF TITANIO ESSENCIAL 25MM 2.75X1.83M,5,5,230.00,E,D,A,142
143,PISTÃO A GÁS FORÇA NORMAL 60N CINZA,0,20,15.00,E,A,A,143
144,PISTÃO A GÁS FORÇA NORMAL 80N CINZA,0,20,16.00,E,A,B,144
145,PISTÃO A GÁS FORÇA NORMAL 100N CINZA,0,20,17.00,E,A,C,145
146,PISTÃO A GÁS FORÇA NORMAL 120N CINZA,0,20,18.00,E,A,D,146
147,PISTÃO Á GAS FORÇA INVERSA 60N CINZA,0,20,20.00,E,B,A,147
148,PISTÃO Á GAS FORÇA INVERSA 80N CINZA,0,20,22.00,E,B,B,148
149,PISTÃO Á GAS FORÇA INVERSA 100N CINZA,0,20,24.00,E,B,C,149
150,PISTÃO Á GAS FORÇA INVERSA 120N CINZA,0,20,26.00,E,B,D,150
151,PISTÃO A GÁS FORÇA NORMAL 60N BRANCO,0,20,15.00,E,A,A,151
152,PISTÃO A GÁS FORÇA NORMAL 80N BRANCO,0,20,16.00,E,A,B,152
153,PISTÃO A GÁS FORÇA NORMAL 100N BRANCO,0,20,17.00,E,A,C,153
154,PISTÃO A GÁS FORÇA NORMAL 120N BRANCO,0,20,18.00,E,A,D,154
155,PISTÃO Á GAS FORÇA INVERSA 60N BRANCO,0,20,20.00,E,B,A,155
156,PISTÃO Á GAS FORÇA INVERSA 80N BRANCO,0,20,22.00,E,B,B,156
157,PISTÃO Á GAS FORÇA INVERSA 100N BRANCO,0,20,24.00,E,B,C,157
158,PISTÃO Á GAS FORÇA INVERSA 120N BRANCO,0,20,26.00,E,B,D,158
159,MDF AZUL TX berneck 15mm,4,5,439.9,A,B,C,sem_foto.JPG
